DROP TABLE PENDING_JOB_REQ; 
DROP TABLE PENDING_SIM_REQ;
DROP TABLE AVAILABLE_PREPAID_SIM;
DROP TABLE AVAILABLE_POSTPAID_SIM;
DROP TABLE CALL_DATABASE;
DROP TABLE SMS_DATABASE;
DROP TABLE NET_USAGE_DATABASE;
DROP TABLE POSTPAID_BILL ;
DROP TABLE PREPAID_SIM ; 
DROP TABLE POSTPAID_SIM ; 
DROP TABLE SIM ; 
DROP TABLE SIM_TYPE ; 
DROP TABLE INTER_SLIP_BONUS;
DROP TABLE ADDITIONAL_SALARY;
DROP TABLE PAYSLIP;
DROP TABLE EMPLOYEES;
DROP TABLE JOBS;
DROP TABLE USER_DATA;
DROP TABLE PASSWORDS;
DROP TABLE OFFER_PACKAGES; 


--------------------------------packages start---------------------------------------

CREATE TABLE OFFER_PACKAGES(
	PACK_ID NUMBER PRIMARY KEY , 
	PACK_NAME VARCHAR2(100) UNIQUE , 
	START_TIME NUMBER , -- 24 clock hour
	END_TIME NUMBER,
	CALL_COST NUMBER , 
	SMS_COST NUMBER , 
	NET_COST NUMBER 
);

INSERT INTO OFFER_PACKAGES(PACK_ID, PACK_NAME, START_TIME, END_TIME, CALL_COST, SMS_COST, NET_COST) VALUES(1,'PAY-PER-USE', 0,23, 1, 1, 1);
INSERT INTO OFFER_PACKAGES(PACK_ID, PACK_NAME, START_TIME, END_TIME, CALL_COST, SMS_COST, NET_COST) VALUES(2,'DESH', 10,18, 0.5, 2, 1);
INSERT INTO OFFER_PACKAGES(PACK_ID, PACK_NAME, START_TIME, END_TIME, CALL_COST, SMS_COST, NET_COST) VALUES(3,'BIJOY',06,22, 1,1,0.5);
INSERT INTO OFFER_PACKAGES(PACK_ID, PACK_NAME, START_TIME, END_TIME, CALL_COST, SMS_COST, NET_COST) VALUES(4,'EKUSH',00,12, 0.35, 1.5, 1);



--------------------------------packages end---------------------------------------




---------------------------------AVAILaBLE PASSWORD START -------------------------------- 

CREATE TABLE PASSWORDS(
	USER_PASSWORD VARCHAR2(100) PRIMARY KEY
);

---------------------------------AVAILaBLE PASSWORD END -------------------------------- 

-------------------------USER Table start------------------------------------------
CREATE TABLE USER_DATA (
  USER_NAME VARCHAR2(100) NOT NULL,
  NID_NO number CONSTRAINT USER_PK PRIMARY KEY,
  DATE_OF_BIRTH VARCHAR2(100) NOT NULL,
  NAME_OF_FATHER VARCHAR2(100) NOT NULL,
  NAME_OF_MOTHER VARCHAR2(100) NOT NULL,
  EMAIL VARCHAR2(100) NOT NULL , 
  STREET_ADDRESS VARCHAR2(100) NOT NULL, 
  CITY VARCHAR2(100) NOT NULL,
  IS_EMPLOYEE VARCHAR2(100) NOT NULL, 
  USER_PASSWORD VARCHAR2(100) UNIQUE 
);

INSERT INTO USER_DATA (USER_NAME,NID_NO,DATE_OF_BIRTH,NAME_OF_FATHER,NAME_OF_MOTHER,EMAIL,STREET_ADDRESS,CITY,IS_EMPLOYEE,USER_PASSWORD) VALUES ('Jacob',1878,'Feb 12, 1971','Leonard','Jayme','et.euismod@orcilacus.org','Ap #925-8567 Nulla Rd.','Montpellier','NO','U9RK1');
INSERT INTO USER_DATA (USER_NAME,NID_NO,DATE_OF_BIRTH,NAME_OF_FATHER,NAME_OF_MOTHER,EMAIL,STREET_ADDRESS,CITY,IS_EMPLOYEE,USER_PASSWORD) VALUES ('Octavius',1879,'Apr 19, 1939','Vance','Debra','eget.laoreet.posuere@lectus.edu','7308 Ligula Av.','Aguacaliente (San Francisco)','NO','U1CK9');
                                                                                                             
INSERT INTO USER_DATA (USER_NAME,NID_NO,DATE_OF_BIRTH,NAME_OF_FATHER,NAME_OF_MOTHER,EMAIL,STREET_ADDRESS,CITY,IS_EMPLOYEE,USER_PASSWORD) VALUES ('Larissa',1880,'Jan 12, 1935','Leonard','Serina','mi@et.co.uk','863-3484 Urna. Avenue','Curacautín','NO','U5CU1');
INSERT INTO USER_DATA (USER_NAME,NID_NO,DATE_OF_BIRTH,NAME_OF_FATHER,NAME_OF_MOTHER,EMAIL,STREET_ADDRESS,CITY,IS_EMPLOYEE,USER_PASSWORD) VALUES ('Winter',1881,'Aug 25, 1952','Holmes','Yael','Aenean.eget.magna@amet.ca', 'Ap #534-3655 Nulla Rd.','Henderson','NO','H1MQ7');
                                                                                                              
INSERT INTO USER_DATA (USER_NAME,NID_NO,DATE_OF_BIRTH,NAME_OF_FATHER,NAME_OF_MOTHER,EMAIL,STREET_ADDRESS,CITY,IS_EMPLOYEE,USER_PASSWORD) VALUES ('Valentine',1882,'Jun 3, 1940','Guy','Octavia','euismod@Curabiturvel.org','P.O. Box 190, 361 Lectus St.','Tobermory','NO','H0LH9');
INSERT INTO USER_DATA (USER_NAME,NID_NO,DATE_OF_BIRTH,NAME_OF_FATHER,NAME_OF_MOTHER,EMAIL,STREET_ADDRESS,CITY,IS_EMPLOYEE,USER_PASSWORD) VALUES ('Molly',1883,'Nov 22, 1965','Hashim','Alexa','pede@et.org','6502 Massa. Street','San Nicolás','NO','Y3SR3');
INSERT INTO USER_DATA (USER_NAME,NID_NO,DATE_OF_BIRTH,NAME_OF_FATHER,NAME_OF_MOTHER,EMAIL,STREET_ADDRESS,CITY,IS_EMPLOYEE,USER_PASSWORD) VALUES ('Abbot',1884,'Dec 8, 1986','Benedict','Rina','ante.ipsum.primis@Nullamlobortis.net','Ap #577-8748 Tortor, Street','Sauvenire','NO','S3QK9');
                                                                                                               
INSERT INTO USER_DATA (USER_NAME,NID_NO,DATE_OF_BIRTH,NAME_OF_FATHER,NAME_OF_MOTHER,EMAIL,STREET_ADDRESS,CITY,IS_EMPLOYEE,USER_PASSWORD) VALUES ('Tashya',1885,'Mar 30, 1954','Lev','Sasha','vitae.purus.gravida@sed.net','P.O. Box 331, 1269 Metus St.','Bolzano Vicentino','YES','J8FD7');
INSERT INTO USER_DATA (USER_NAME,NID_NO,DATE_OF_BIRTH,NAME_OF_FATHER,NAME_OF_MOTHER,EMAIL,STREET_ADDRESS,CITY,IS_EMPLOYEE,USER_PASSWORD) VALUES ('Harriet',1886,'Jul 12, 1918','Rashad','Melyssa','elit.erat.vitae@vehicula.org','2921 Sit St.','Millesimo','YES','P1PQ0');
INSERT INTO USER_DATA (USER_NAME,NID_NO,DATE_OF_BIRTH,NAME_OF_FATHER,NAME_OF_MOTHER,EMAIL,STREET_ADDRESS,CITY,IS_EMPLOYEE,USER_PASSWORD) VALUES ('Salvador',1887,'Jul 26, 1975','Vance','Sara','interdum.enim@sedorci.ca','P.O. Box 120, 2384 A St.','Mulhouse','YES','K5DG1');
INSERT INTO USER_DATA (USER_NAME,NID_NO,DATE_OF_BIRTH,NAME_OF_FATHER,NAME_OF_MOTHER,EMAIL,STREET_ADDRESS,CITY,IS_EMPLOYEE,USER_PASSWORD) VALUES ('Tamara',1888,'Jan 21, 2001','Kaseem','Oprah','egestas.a.dui@nequesedsem.edu','862 Nisl Road','Pelotas','YES','Z7UW2');
INSERT INTO USER_DATA (USER_NAME,NID_NO,DATE_OF_BIRTH,NAME_OF_FATHER,NAME_OF_MOTHER,EMAIL,STREET_ADDRESS,CITY,IS_EMPLOYEE,USER_PASSWORD) VALUES ('Gannon',1889,'Jan 10, 1968','Price','Nola','orci.quis.lectus@tempuseuligula.net','6692 Consequat St.','Kanpur','YES','W0TD0');
-------------------------USER Table end------------------------------------------

-------------------------SIM Type Start---------------------------------------
CREATE TABLE SIM_TYPE(
	TYPE_ID number PRIMARY KEY,
	TYPE_NAME VARCHAR2(100) NOT NULL
);

INSERT INTO SIM_TYPE(TYPE_ID,TYPE_NAME) VALUES (1,'PRE-PAID'); 
INSERT INTO SIM_TYPE(TYPE_ID,TYPE_NAME) VALUES (2,'POST-PAID'); 

-----------------------SIM Type End---------------------------------------------

-----------------------SIM Table Start---------------------------------------------

CREATE TABLE SIM (
  PHONE_NO varchar2(100) CONSTRAINT PK PRIMARY KEY,
  NID_NO number NOT NULL,
  TYPE_ID number NOT NULL,
  ISSUE_DATE TIMESTAMP NOT NULL,
  ISSUED_BY varchar2(100) NOT NULL, 
  CURRENT_PACKAGE_ID NUMBER DEFAULT 1, 
  CONSTRAINT NID_PK FOREIGN KEY (NID_NO) REFERENCES USER_DATA (NID_NO) ON DELETE CASCADE,
  CONSTRAINT TYPE_ID_FK FOREIGN KEY (TYPE_ID) REFERENCES SIM_TYPE(TYPE_ID) ON DELETE CASCADE , 
  CONSTRAINT CURRENT_PACK_FK FOREIGN KEY (CURRENT_PACKAGE_ID) REFERENCES OFFER_PACKAGES(PACK_ID) ON DELETE CASCADE 
);

INSERT INTO SIM (PHONE_NO,NID_NO,TYPE_ID,ISSUE_DATE,ISSUED_BY) VALUES ('01935849658',1878,1,TO_DATE('1997-01-31 09:26:50','yyyy/mm/dd hh24:mi:ss'),104);
INSERT INTO SIM (PHONE_NO,NID_NO,TYPE_ID,ISSUE_DATE,ISSUED_BY) VALUES ('01992409859',1879,1,TO_DATE('1997-01-31 09:26:50','yyyy/mm/dd hh24:mi:ss'),105);
----------------------------------------just prepaid----------------------------------------
INSERT INTO SIM (PHONE_NO,NID_NO,TYPE_ID,ISSUE_DATE,ISSUED_BY) VALUES ('01960850638',1880,2,TO_DATE('1997-01-31 09:26:50','yyyy/mm/dd hh24:mi:ss'),104);
INSERT INTO SIM (PHONE_NO,NID_NO,TYPE_ID,ISSUE_DATE,ISSUED_BY) VALUES ('01965550938',1881,2,TO_DATE('1997-01-31 09:26:50','yyyy/mm/dd hh24:mi:ss'),104);
---------------------------------------- just post paid-------------------------------------
INSERT INTO SIM (PHONE_NO,NID_NO,TYPE_ID,ISSUE_DATE,ISSUED_BY) VALUES ('01993969922',1882,1,TO_DATE('1997-01-31 09:26:50','yyyy/mm/dd hh24:mi:ss'),105);
INSERT INTO SIM (PHONE_NO,NID_NO,TYPE_ID,ISSUE_DATE,ISSUED_BY) VALUES ('01980184234',1883,1,TO_DATE('1997-01-31 09:26:50','yyyy/mm/dd hh24:mi:ss'),104);
INSERT INTO SIM (PHONE_NO,NID_NO,TYPE_ID,ISSUE_DATE,ISSUED_BY) VALUES ('01936994382',1884,1,TO_DATE('1997-01-31 09:26:50','yyyy/mm/dd hh24:mi:ss'),105);
---------------------------------------- mix prepaid ------------------------------      
INSERT INTO SIM (PHONE_NO,NID_NO,TYPE_ID,ISSUE_DATE,ISSUED_BY) VALUES ('01976862069',1882,2,TO_DATE('1997-01-31 09:26:50','yyyy/mm/dd hh24:mi:ss'),104);
INSERT INTO SIM (PHONE_NO,NID_NO,TYPE_ID,ISSUE_DATE,ISSUED_BY) VALUES ('01990275361',1883,2,TO_DATE('1997-01-31 09:26:50','yyyy/mm/dd hh24:mi:ss'),104);
INSERT INTO SIM (PHONE_NO,NID_NO,TYPE_ID,ISSUE_DATE,ISSUED_BY) VALUES ('01937883634',1884,2,TO_DATE('1997-01-31 09:26:50','yyyy/mm/dd hh24:mi:ss'),105);
-----------------------------------------mix postpaid-------------------------------------
INSERT INTO SIM (PHONE_NO,NID_NO,TYPE_ID,ISSUE_DATE,ISSUED_BY) VALUES ('01937303098',1885,2,TO_DATE('1997-01-31 09:26:50','yyyy/mm/dd hh24:mi:ss'),104);
INSERT INTO SIM (PHONE_NO,NID_NO,TYPE_ID,ISSUE_DATE,ISSUED_BY) VALUES ('01911071571',1886,2,TO_DATE('1997-01-31 09:26:50','yyyy/mm/dd hh24:mi:ss'),105);
INSERT INTO SIM (PHONE_NO,NID_NO,TYPE_ID,ISSUE_DATE,ISSUED_BY) VALUES ('01990122106',1887,2,TO_DATE('1997-01-31 09:26:50','yyyy/mm/dd hh24:mi:ss'),105);
INSERT INTO SIM (PHONE_NO,NID_NO,TYPE_ID,ISSUE_DATE,ISSUED_BY) VALUES ('01950134157',1888,2,TO_DATE('1997-01-31 09:26:50','yyyy/mm/dd hh24:mi:ss'),104);
INSERT INTO SIM (PHONE_NO,NID_NO,TYPE_ID,ISSUE_DATE,ISSUED_BY) VALUES ('01967328196',1889,2,TO_DATE('1997-01-31 09:26:50','yyyy/mm/dd hh24:mi:ss'),104);

------------------------------------------employee-------------------------------
-----------------------------------SIM Table End-------------------------------------------


-----------------------------------Pre-Paid SIM Table start-------------------------------------------
CREATE TABLE PREPAID_SIM (
  SIM_NO varchar2(100) PRIMARY KEY,
  TOTAL_CALL_DURATION NUMBER NOT NULL,
  TOTAL_MESSAGE_SENT NUMBER NOT NULL,
  TOTAL_INTERNET_USAGE NUMBER NOT NULL,
  BALANCE NUMBER NOT NULL CONSTRAINT BALANCE_CK CHECK(BALANCE >= 0) , 
  CONSTRAINT FK3 FOREIGN KEY (SIM_NO) REFERENCES SIM(PHONE_NO) ON DELETE CASCADE
);

INSERT INTO PREPAID_SIM (SIM_NO,TOTAL_CALL_DURATION ,TOTAL_MESSAGE_SENT,TOTAL_INTERNET_USAGE,BALANCE) VALUES ('01935849658',12,58,1251,373);
INSERT INTO PREPAID_SIM (SIM_NO,TOTAL_CALL_DURATION ,TOTAL_MESSAGE_SENT,TOTAL_INTERNET_USAGE,BALANCE) VALUES ('01992409859',25,15,1329,98);
------------------just prepaid---------------------
INSERT INTO PREPAID_SIM (SIM_NO,TOTAL_CALL_DURATION ,TOTAL_MESSAGE_SENT,TOTAL_INTERNET_USAGE,BALANCE) VALUES ('01993969922',192,44,3279,407);
INSERT INTO PREPAID_SIM (SIM_NO,TOTAL_CALL_DURATION ,TOTAL_MESSAGE_SENT,TOTAL_INTERNET_USAGE,BALANCE) VALUES ('01980184234',227,60,2509,80);
INSERT INTO PREPAID_SIM (SIM_NO,TOTAL_CALL_DURATION ,TOTAL_MESSAGE_SENT,TOTAL_INTERNET_USAGE,BALANCE) VALUES ('01936994382',554,62,56,211);
--------------------mix prepaid-----------------------
-----------------------------------Pre-Paid SIM Table End-------------------------------------------



-----------------------------------Post-Paid SIM Table Start-------------------------------------------
CREATE TABLE POSTPAID_SIM (
  SIM_NO varchar2(100) PRIMARY KEY,
  TOTAL_CALL_DURATION NUMBER NOT NULL,
  TOTAL_MESSAGE_SENT NUMBER NOT NULL,
  TOTAL_INTERNET_USAGE NUMBER NOT NULL, 
  CONSTRAINT POST_FK FOREIGN KEY (SIM_NO) REFERENCES SIM(PHONE_NO) ON DELETE CASCADE
);

INSERT INTO POSTPAID_SIM(SIM_NO,TOTAL_CALL_DURATION,TOTAL_MESSAGE_SENT,TOTAL_INTERNET_USAGE) VALUES ('01960850638',12,59,1251);
INSERT INTO POSTPAID_SIM(SIM_NO,TOTAL_CALL_DURATION,TOTAL_MESSAGE_SENT,TOTAL_INTERNET_USAGE) VALUES ('01965550938',25,35,1329);
--------------------------just post-----------------------                                                         
INSERT INTO POSTPAID_SIM(SIM_NO,TOTAL_CALL_DURATION,TOTAL_MESSAGE_SENT,TOTAL_INTERNET_USAGE) VALUES ('01976862069',19,44,3279);
INSERT INTO POSTPAID_SIM(SIM_NO,TOTAL_CALL_DURATION,TOTAL_MESSAGE_SENT,TOTAL_INTERNET_USAGE) VALUES ('01990275361',22,60,2509);
INSERT INTO POSTPAID_SIM(SIM_NO,TOTAL_CALL_DURATION,TOTAL_MESSAGE_SENT,TOTAL_INTERNET_USAGE) VALUES ('01937883634',55,62,56  );
---------------------------mix post-------------------------
INSERT INTO POSTPAID_SIM(SIM_NO,TOTAL_CALL_DURATION,TOTAL_MESSAGE_SENT,TOTAL_INTERNET_USAGE) VALUES ('01937303098',12,85,4088);
INSERT INTO POSTPAID_SIM(SIM_NO,TOTAL_CALL_DURATION,TOTAL_MESSAGE_SENT,TOTAL_INTERNET_USAGE) VALUES ('01911071571',25,77,463);
INSERT INTO POSTPAID_SIM(SIM_NO,TOTAL_CALL_DURATION,TOTAL_MESSAGE_SENT,TOTAL_INTERNET_USAGE) VALUES ('01990122106',62,1,10);
INSERT INTO POSTPAID_SIM(SIM_NO,TOTAL_CALL_DURATION,TOTAL_MESSAGE_SENT,TOTAL_INTERNET_USAGE) VALUES ('01950134157',19,1,0);
INSERT INTO POSTPAID_SIM(SIM_NO,TOTAL_CALL_DURATION,TOTAL_MESSAGE_SENT,TOTAL_INTERNET_USAGE) VALUES ('01967328196',22,1,0);
--------------------------employee---------------------------                                                      
-----------------------------------Post-Paid SIM Table End-------------------------------------------



-----------------------------------Call Database Start-------------------------------------------
CREATE TABLE CALL_DATABASE (
  CALL_ID NUMBER PRIMARY KEY,
  CALLER_NO varchar2(100) NOT NULL,
  RECEIVER_NO varchar2(100) NOT NULL,
  STARTING_TIME TIMESTAMP,
  ENDING_TIME TIMESTAMP,
  CONSTRAINT FK1 FOREIGN KEY (CALLER_NO) REFERENCES SIM(PHONE_NO) ON DELETE CASCADE
);

INSERT INTO CALL_DATABASE (CALL_ID,CALLER_NO,RECEIVER_NO,STARTING_TIME,ENDING_TIME) VALUES (1,'01935849658','01893969922', TO_DATE('1997-01-31 09:26:50','yyyy/mm/dd hh24:mi:ss'),TO_DATE('1997-01-31 09:26:52','yyyy/mm/dd hh24:mi:ss'));
INSERT INTO CALL_DATABASE (CALL_ID,CALLER_NO,RECEIVER_NO,STARTING_TIME,ENDING_TIME) VALUES (2,'01960850638','01980184234', TO_DATE('1997-01-31 09:26:50','yyyy/mm/dd hh24:mi:ss'),TO_DATE('1997-01-31 09:26:52','yyyy/mm/dd hh24:mi:ss'));                                                                                                  
INSERT INTO CALL_DATABASE (CALL_ID,CALLER_NO,RECEIVER_NO,STARTING_TIME,ENDING_TIME) VALUES (3,'01960850638','01936994382', TO_DATE('1997-01-31 09:26:50','yyyy/mm/dd hh24:mi:ss'),TO_DATE('1997-01-31 09:26:52','yyyy/mm/dd hh24:mi:ss'));
INSERT INTO CALL_DATABASE (CALL_ID,CALLER_NO,RECEIVER_NO,STARTING_TIME,ENDING_TIME) VALUES (4,'01965550938','01710162106', TO_DATE('1997-01-31 09:26:50','yyyy/mm/dd hh24:mi:ss'),TO_DATE('1997-01-31 09:26:52','yyyy/mm/dd hh24:mi:ss'));
INSERT INTO CALL_DATABASE (CALL_ID,CALLER_NO,RECEIVER_NO,STARTING_TIME,ENDING_TIME) VALUES (5,'01993969922','01943306287', TO_DATE('1997-01-31 09:26:50','yyyy/mm/dd hh24:mi:ss'),TO_DATE('1997-01-31 09:26:52','yyyy/mm/dd hh24:mi:ss'));
INSERT INTO CALL_DATABASE (CALL_ID,CALLER_NO,RECEIVER_NO,STARTING_TIME,ENDING_TIME) VALUES (6,'01980184234','01504115381', TO_DATE('1997-01-31 09:26:50','yyyy/mm/dd hh24:mi:ss'),TO_DATE('1997-01-31 09:26:52','yyyy/mm/dd hh24:mi:ss'));
INSERT INTO CALL_DATABASE (CALL_ID,CALLER_NO,RECEIVER_NO,STARTING_TIME,ENDING_TIME) VALUES (7,'01990275361','01600007434', TO_DATE('1997-01-31 09:26:50','yyyy/mm/dd hh24:mi:ss'),TO_DATE('1997-01-31 09:26:52','yyyy/mm/dd hh24:mi:ss'));
INSERT INTO CALL_DATABASE (CALL_ID,CALLER_NO,RECEIVER_NO,STARTING_TIME,ENDING_TIME) VALUES (8,'01976862069','01862642555', TO_DATE('1997-01-31 09:26:50','yyyy/mm/dd hh24:mi:ss'),TO_DATE('1997-01-31 09:26:52','yyyy/mm/dd hh24:mi:ss'));                                                                                                                                                                                                                                                       
INSERT INTO CALL_DATABASE (CALL_ID,CALLER_NO,RECEIVER_NO,STARTING_TIME,ENDING_TIME) VALUES (9, '01990275361','01976862069',TO_DATE('1997-01-31 09:26:50','yyyy/mm/dd hh24:mi:ss'),TO_DATE('1997-01-31 09:26:52','yyyy/mm/dd hh24:mi:ss'));
INSERT INTO CALL_DATABASE (CALL_ID,CALLER_NO,RECEIVER_NO,STARTING_TIME,ENDING_TIME) VALUES (10,'01937883634','01990275361',TO_DATE('1997-01-31 09:26:50','yyyy/mm/dd hh24:mi:ss'),TO_DATE('1997-01-31 09:26:52','yyyy/mm/dd hh24:mi:ss'));
INSERT INTO CALL_DATABASE (CALL_ID,CALLER_NO,RECEIVER_NO,STARTING_TIME,ENDING_TIME) VALUES (11,'01937883634','01937883634',TO_DATE('1997-01-31 09:26:50','yyyy/mm/dd hh24:mi:ss'),TO_DATE('1997-01-31 09:26:52','yyyy/mm/dd hh24:mi:ss'));
INSERT INTO CALL_DATABASE (CALL_ID,CALLER_NO,RECEIVER_NO,STARTING_TIME,ENDING_TIME) VALUES (12,'01937883634','01793969922',TO_DATE('1997-01-31 09:26:50','yyyy/mm/dd hh24:mi:ss'),TO_DATE('1997-01-31 09:26:52','yyyy/mm/dd hh24:mi:ss'));
INSERT INTO CALL_DATABASE (CALL_ID,CALLER_NO,RECEIVER_NO,STARTING_TIME,ENDING_TIME) VALUES (13,'01993969922','01980184234',TO_DATE('1997-01-31 09:26:50','yyyy/mm/dd hh24:mi:ss'),TO_DATE('1997-01-31 09:26:52','yyyy/mm/dd hh24:mi:ss'));
INSERT INTO CALL_DATABASE (CALL_ID,CALLER_NO,RECEIVER_NO,STARTING_TIME,ENDING_TIME) VALUES (14,'01980184234','01936994382',TO_DATE('1997-01-31 09:26:50','yyyy/mm/dd hh24:mi:ss'),TO_DATE('1997-01-31 09:26:52','yyyy/mm/dd hh24:mi:ss'));
INSERT INTO CALL_DATABASE (CALL_ID,CALLER_NO,RECEIVER_NO,STARTING_TIME,ENDING_TIME) VALUES (15,'01993969922','01837303098',TO_DATE('1997-01-31 09:26:50','yyyy/mm/dd hh24:mi:ss'),TO_DATE('1997-01-31 09:26:52','yyyy/mm/dd hh24:mi:ss'));
INSERT INTO CALL_DATABASE (CALL_ID,CALLER_NO,RECEIVER_NO,STARTING_TIME,ENDING_TIME) VALUES (16,'01980184234','01911071571',TO_DATE('1997-01-31 09:26:50','yyyy/mm/dd hh24:mi:ss'),TO_DATE('1997-01-31 09:26:52','yyyy/mm/dd hh24:mi:ss'));                                                                                                                                                                                                                                                           
INSERT INTO CALL_DATABASE (CALL_ID,CALLER_NO,RECEIVER_NO,STARTING_TIME,ENDING_TIME) VALUES (17,'01992409859','01990122106',TO_DATE('1997-01-31 09:26:50','yyyy/mm/dd hh24:mi:ss'),TO_DATE('1997-01-31 09:26:52','yyyy/mm/dd hh24:mi:ss'));

-----------------------------------Call Database End-------------------------------------------


-----------------------------------SMS Database Start-------------------------------------------
CREATE TABLE SMS_DATABASE (
  SMS_ID varchar2(100) CONSTRAINT sms_PK PRIMARY KEY,
  SENDER_NO varchar2(100) ,
  RECEIVER_NO varchar2(100) NOT NULL,
  SENDING_TIME TIMESTAMP, 
  CONSTRAINT sms_FK2 FOREIGN KEY (SENDER_NO) REFERENCES SIM(PHONE_NO) ON DELETE CASCADE
);

INSERT INTO SMS_DATABASE (SMS_ID,SENDER_NO,RECEIVER_NO,SENDING_TIME) VALUES (1,'01935849658','01893969922', TO_DATE('1997-01-31 09:26:50','yyyy/mm/dd hh24:mi:ss'));
INSERT INTO SMS_DATABASE (SMS_ID,SENDER_NO,RECEIVER_NO,SENDING_TIME) VALUES (2,'01960850638','01980184234', TO_DATE('1997-01-31 09:26:50','yyyy/mm/dd hh24:mi:ss'));
INSERT INTO SMS_DATABASE (SMS_ID,SENDER_NO,RECEIVER_NO,SENDING_TIME) VALUES (3,'01960850638','01936994382', TO_DATE('1997-01-31 09:26:50','yyyy/mm/dd hh24:mi:ss'));
INSERT INTO SMS_DATABASE (SMS_ID,SENDER_NO,RECEIVER_NO,SENDING_TIME) VALUES (4,'01965550938','01710162106', TO_DATE('1997-01-31 09:26:50','yyyy/mm/dd hh24:mi:ss'));
INSERT INTO SMS_DATABASE (SMS_ID,SENDER_NO,RECEIVER_NO,SENDING_TIME) VALUES (5,'01993969922','01943306287', TO_DATE('1997-01-31 09:26:50','yyyy/mm/dd hh24:mi:ss'));
INSERT INTO SMS_DATABASE (SMS_ID,SENDER_NO,RECEIVER_NO,SENDING_TIME) VALUES (6,'01980184234','01504115381', TO_DATE('1997-01-31 09:26:50','yyyy/mm/dd hh24:mi:ss'));
INSERT INTO SMS_DATABASE (SMS_ID,SENDER_NO,RECEIVER_NO,SENDING_TIME) VALUES (7,'01990275361','01600007434', TO_DATE('1997-01-31 09:26:50','yyyy/mm/dd hh24:mi:ss'));
INSERT INTO SMS_DATABASE (SMS_ID,SENDER_NO,RECEIVER_NO,SENDING_TIME) VALUES (8,'01976862069','01862642555', TO_DATE('1997-01-31 09:26:50','yyyy/mm/dd hh24:mi:ss'));                                                                                                                    
INSERT INTO SMS_DATABASE (SMS_ID,SENDER_NO,RECEIVER_NO,SENDING_TIME) VALUES (9, '01990275361','01976862069',TO_DATE('1997-01-31 09:26:50','yyyy/mm/dd hh24:mi:ss'));
INSERT INTO SMS_DATABASE (SMS_ID,SENDER_NO,RECEIVER_NO,SENDING_TIME) VALUES (10,'01937883634','01990275361',TO_DATE('1997-01-31 09:26:50','yyyy/mm/dd hh24:mi:ss'));
INSERT INTO SMS_DATABASE (SMS_ID,SENDER_NO,RECEIVER_NO,SENDING_TIME) VALUES (11,'01937883634','01937883634',TO_DATE('1997-01-31 09:26:50','yyyy/mm/dd hh24:mi:ss'));
INSERT INTO SMS_DATABASE (SMS_ID,SENDER_NO,RECEIVER_NO,SENDING_TIME) VALUES (12,'01937883634','01793969922',TO_DATE('1997-01-31 09:26:50','yyyy/mm/dd hh24:mi:ss'));
INSERT INTO SMS_DATABASE (SMS_ID,SENDER_NO,RECEIVER_NO,SENDING_TIME) VALUES (13,'01993969922','01980184234',TO_DATE('1997-01-31 09:26:50','yyyy/mm/dd hh24:mi:ss'));
INSERT INTO SMS_DATABASE (SMS_ID,SENDER_NO,RECEIVER_NO,SENDING_TIME) VALUES (14,'01980184234','01936994382',TO_DATE('1997-01-31 09:26:50','yyyy/mm/dd hh24:mi:ss'));
INSERT INTO SMS_DATABASE (SMS_ID,SENDER_NO,RECEIVER_NO,SENDING_TIME) VALUES (15,'01993969922','01837303098',TO_DATE('1997-01-31 09:26:50','yyyy/mm/dd hh24:mi:ss'));
INSERT INTO SMS_DATABASE (SMS_ID,SENDER_NO,RECEIVER_NO,SENDING_TIME) VALUES (16,'01980184234','01911071571',TO_DATE('1997-01-31 09:26:50','yyyy/mm/dd hh24:mi:ss'));                                                                                                                                                                    
INSERT INTO SMS_DATABASE (SMS_ID,SENDER_NO,RECEIVER_NO,SENDING_TIME) VALUES (17,'01992409859','01990122106',TO_DATE('1997-01-31 09:26:50','yyyy/mm/dd hh24:mi:ss'));


-----------------------------------SMS Database End-------------------------------------------


-----------------------------------Net Usage Database Start-------------------------------------------
CREATE TABLE NET_USAGE_DATABASE (
  SESSION_ID NUMBER PRIMARY KEY ,
  SIM_NO varchar2(100),
  USING_DATE TIMESTAMP ,
  USED_KB NUMBER, 
  CONSTRAINT NET_FK FOREIGN KEY (SIM_NO) REFERENCES SIM(PHONE_NO) ON DELETE CASCADE
);

INSERT INTO NET_USAGE_DATABASE (SESSION_ID,SIM_NO,USING_DATE,USED_KB) VALUES (1,'01935849658', TO_DATE('1997-01-31 09:26:50','yyyy/mm/dd hh24:mi:ss'),2167);
INSERT INTO NET_USAGE_DATABASE (SESSION_ID,SIM_NO,USING_DATE,USED_KB) VALUES (2,'01960850638', TO_DATE('1997-01-31 09:26:50','yyyy/mm/dd hh24:mi:ss'),870 );
INSERT INTO NET_USAGE_DATABASE (SESSION_ID,SIM_NO,USING_DATE,USED_KB) VALUES (3,'01960850638', TO_DATE('1997-01-31 09:26:50','yyyy/mm/dd hh24:mi:ss'),4808);
INSERT INTO NET_USAGE_DATABASE (SESSION_ID,SIM_NO,USING_DATE,USED_KB) VALUES (4,'01965550938', TO_DATE('1997-01-31 09:26:50','yyyy/mm/dd hh24:mi:ss'),3627);
INSERT INTO NET_USAGE_DATABASE (SESSION_ID,SIM_NO,USING_DATE,USED_KB) VALUES (5,'01993969922', TO_DATE('1997-01-31 09:26:50','yyyy/mm/dd hh24:mi:ss'),1424);
INSERT INTO NET_USAGE_DATABASE (SESSION_ID,SIM_NO,USING_DATE,USED_KB) VALUES (6,'01980184234', TO_DATE('1997-01-31 09:26:50','yyyy/mm/dd hh24:mi:ss'),2175);
INSERT INTO NET_USAGE_DATABASE (SESSION_ID,SIM_NO,USING_DATE,USED_KB) VALUES (7,'01990275361', TO_DATE('1997-01-31 09:26:50','yyyy/mm/dd hh24:mi:ss'),4663);
INSERT INTO NET_USAGE_DATABASE (SESSION_ID,SIM_NO,USING_DATE,USED_KB) VALUES (8,'01976862069', TO_DATE('1997-01-31 09:26:50','yyyy/mm/dd hh24:mi:ss'),4218);                                                                                                           
INSERT INTO NET_USAGE_DATABASE (SESSION_ID,SIM_NO,USING_DATE,USED_KB) VALUES (9, '01990275361',TO_DATE('1997-01-31 09:26:50','yyyy/mm/dd hh24:mi:ss'),3200);
INSERT INTO NET_USAGE_DATABASE (SESSION_ID,SIM_NO,USING_DATE,USED_KB) VALUES (10,'01937883634',TO_DATE('1997-01-31 09:26:50','yyyy/mm/dd hh24:mi:ss'),4219);
INSERT INTO NET_USAGE_DATABASE (SESSION_ID,SIM_NO,USING_DATE,USED_KB) VALUES (11,'01937883634',TO_DATE('1997-01-31 09:26:50','yyyy/mm/dd hh24:mi:ss'),3208);
INSERT INTO NET_USAGE_DATABASE (SESSION_ID,SIM_NO,USING_DATE,USED_KB) VALUES (12,'01937883634',TO_DATE('1997-01-31 09:26:50','yyyy/mm/dd hh24:mi:ss'),1017);
INSERT INTO NET_USAGE_DATABASE (SESSION_ID,SIM_NO,USING_DATE,USED_KB) VALUES (13,'01993969922',TO_DATE('1997-01-31 09:26:50','yyyy/mm/dd hh24:mi:ss'),3460);
INSERT INTO NET_USAGE_DATABASE (SESSION_ID,SIM_NO,USING_DATE,USED_KB) VALUES (14,'01980184234',TO_DATE('1997-01-31 09:26:50','yyyy/mm/dd hh24:mi:ss'),4001);
INSERT INTO NET_USAGE_DATABASE (SESSION_ID,SIM_NO,USING_DATE,USED_KB) VALUES (15,'01993969922',TO_DATE('1997-01-31 09:26:50','yyyy/mm/dd hh24:mi:ss'),4878);
INSERT INTO NET_USAGE_DATABASE (SESSION_ID,SIM_NO,USING_DATE,USED_KB) VALUES (16,'01980184234',TO_DATE('1997-01-31 09:26:50','yyyy/mm/dd hh24:mi:ss'),4204);                                                                                                                                                
INSERT INTO NET_USAGE_DATABASE (SESSION_ID,SIM_NO,USING_DATE,USED_KB) VALUES (17,'01992409859',TO_DATE('1997-01-31 09:26:50','yyyy/mm/dd hh24:mi:ss'),4644);


-----------------------------------Net Usage Database End-------------------------------------------



-----------------------------------JOB Start-------------------------------------------
CREATE TABLE JOBS(
	JOB_ID NUMBER PRIMARY KEY ,
	JOB_TITLE VARCHAR2(100) UNIQUE NOT NULL , 
	MIN_SALARY NUMBER NOT NULL , 
	MAX_SALARY NUMBER NOT NULL
);

INSERT INTO JOBS(JOB_ID, JOB_TITLE, MIN_SALARY, MAX_SALARY) VALUES (101 , 'Administrator', 50000 , 80000) ;  
INSERT INTO JOBS(JOB_ID, JOB_TITLE, MIN_SALARY, MAX_SALARY) VALUES (102 , 'Engineer', 40000 , 60000) ;  
INSERT INTO JOBS(JOB_ID, JOB_TITLE, MIN_SALARY, MAX_SALARY) VALUES (103 , 'Human Resources Representative', 30000 , 40000) ;  
INSERT INTO JOBS(JOB_ID, JOB_TITLE, MIN_SALARY, MAX_SALARY) VALUES (104 , 'Accounting Manager', 20000 , 30000) ;  
INSERT INTO JOBS(JOB_ID, JOB_TITLE, MIN_SALARY, MAX_SALARY) VALUES (105 , 'Customer Care', 10000 , 20000) ;  

-----------------------------------Jobs Table End-------------------------------------------


-----------------------------------Bonus table start-------------------------------------------
CREATE TABLE ADDITIONAL_SALARY(
	ADDSAL_ID NUMBER PRIMARY KEY CONSTRAINT ADDSAL_ID_CHK CHECK(ADDSAL_ID > 0) , 
	ADDSAL_NAME VARCHAR2(100) UNIQUE NOT NULL , 
	AMOUNT NUMBER CONSTRAINT ADD_SAL_AMNT CHECK(AMOUNT > 0)
);

INSERT INTO ADDITIONAL_SALARY(ADDSAL_ID, ADDSAL_NAME, AMOUNT) VALUES (1 , 'HEALTH CARE', 5000);  
INSERT INTO ADDITIONAL_SALARY(ADDSAL_ID, ADDSAL_NAME, AMOUNT) VALUES (2 , 'PERFORMANCE BONUS', 5000);  
INSERT INTO ADDITIONAL_SALARY(ADDSAL_ID, ADDSAL_NAME, AMOUNT) VALUES (3 , 'FESTIVAL BONUS', 5000);
INSERT INTO ADDITIONAL_SALARY(ADDSAL_ID, ADDSAL_NAME, AMOUNT) VALUES (4 , 'OVERTIME BONUS', 5000);

-----------------------------------Bonus table End-------------------------------------------



-----------------------------------Employee Start-------------------------------------------
CREATE TABLE EMPLOYEES (
  EMPLOYEE_ID number primary key ,
  EMPLOYEE_NAME VARCHAR2(100) NOT NULL,
  NID_NO NUMBER  UNIQUE  ,
  EMAIL VARCHAR2(100) UNIQUE  ,
  BANK_ACC_NO NUMBER UNIQUE ,
  HIRE_DATE TIMESTAMP NOT NULL,
  SSC_YEAR number NOT NULL, 
  SSC_GPA NUMBER NOT NULL, 
  HSC_YEAR NUMBER NOT NULL, 
  HSC_GPA NUMBER NOT NULL , 
  UNIVERSITY VARCHAR2(100) NOT NULL, 
  CGPA NUMBER NOT NULL, 
  EXPERIENCE VARCHAR2(100) NOT NULL, 
  JOB_ID NUMBER NOT NULL ,
  BASIC_SALARY NUMBER NOT NULL ,
  CONSTRAINT EMP_FK FOREIGN KEY(NID_NO) REFERENCES USER_DATA(NID_NO) ON DELETE CASCADE,
  CONSTRAINT EMPJOB_FK FOREIGN KEY(JOB_ID) REFERENCES JOBS(JOB_ID) ON DELETE CASCADE
);

INSERT INTO EMPLOYEES (EMPLOYEE_ID,EMPLOYEE_NAME,NID_NO,EMAIL,BANK_ACC_NO,HIRE_DATE,SSC_YEAR,SSC_GPA ,HSC_YEAR,HSC_GPA ,UNIVERSITY ,CGPA ,EXPERIENCE ,JOB_ID,BASIC_SALARY) VALUES (101,'Tashya' ,1885,'Nam.ac.nulla@malesuadafames.org',3001,TO_DATE('1997-01-31 09:26:50','yyyy/mm/dd hh24:mi:ss'),2007, 5.00, 2009, 5.00, 'BUET', 3.67, '2 years as Network Engineer at BanglaPhone' ,101,79103);
INSERT INTO EMPLOYEES (EMPLOYEE_ID,EMPLOYEE_NAME,NID_NO,EMAIL,BANK_ACC_NO,HIRE_DATE,SSC_YEAR,SSC_GPA ,HSC_YEAR,HSC_GPA ,UNIVERSITY ,CGPA ,EXPERIENCE ,JOB_ID,BASIC_SALARY) VALUES (102,'Harriet',1886,'In@ametdapibus.org',3002,TO_DATE('2015-12-07 09:26:50','yyyy/mm/dd hh24:mi:ss'),2008, 5.00, 2010, 5.00, 'Dhaka University', 3.57, '1 years as HR OFFICER at GRAMEENPHONE' ,102,51525);
INSERT INTO EMPLOYEES (EMPLOYEE_ID,EMPLOYEE_NAME,NID_NO,EMAIL,BANK_ACC_NO,HIRE_DATE,SSC_YEAR,SSC_GPA ,HSC_YEAR,HSC_GPA ,UNIVERSITY ,CGPA ,EXPERIENCE ,JOB_ID,BASIC_SALARY) VALUES (103,'Salvado',1887,'Mauris.eu@massaQuisqueporttitor.net',3003,TO_DATE('2010-10-29 09:26:50','yyyy/mm/dd hh24:mi:ss'),2004, 5.00, 2006, 5.00, 'IUT', 3.67, '1 years as Customer Manager at BanglaPhone' ,103,44371);
INSERT INTO EMPLOYEES (EMPLOYEE_ID,EMPLOYEE_NAME,NID_NO,EMAIL,BANK_ACC_NO,HIRE_DATE,SSC_YEAR,SSC_GPA ,HSC_YEAR,HSC_GPA ,UNIVERSITY ,CGPA ,EXPERIENCE ,JOB_ID,BASIC_SALARY) VALUES (104,'Tamara' ,1888,'vestibulum.lorem.sit@velit.net',3004,TO_DATE('2018-03-08 09:26:50','yyyy/mm/dd hh24:mi:ss'),2011, 5.00, 2013, 5.00, 'RUET', 3.64, '3 years as Accounting Manager at VaioPhone' ,104,42073);
INSERT INTO EMPLOYEES (EMPLOYEE_ID,EMPLOYEE_NAME,NID_NO,EMAIL,BANK_ACC_NO,HIRE_DATE,SSC_YEAR,SSC_GPA ,HSC_YEAR,HSC_GPA ,UNIVERSITY ,CGPA ,EXPERIENCE ,JOB_ID,BASIC_SALARY) VALUES (105,'Gannon' ,1889,'justo.Praesent.luctus@Quisque.net',3005,TO_DATE('2016-04-11 19:26:50','yyyy/mm/dd hh24:mi:ss'),2009, 5.00, 2011, 5.00, 'BUET', 3.87, '2 years as Network Engineer at WePhone' ,105,25171);

-----------------------------------Employee End-------------------------------------------



-----------------------------------Post-paid Bill Start-------------------------------------------
-- IF NON-EMPLOYEE 
CREATE TABLE POSTPAID_BILL (
  BILL_ID NUMBER PRIMARY KEY, 
  SIM_NO varchar2(100),
  CALL_BILL NUMBER, 
  SMS_BILL NUMBER , 
  INTERNET_BILL NUMBER , 
  TOTAL_COST NUMBER ,
  ISSUED_BY NUMBER , 
  IS_PAID VARCHAR2(100) DEFAULT 'NO', 
  CONSTRAINT POST_BILL_FK FOREIGN KEY(SIM_NO) REFERENCES POSTPAID_SIM(SIM_NO) ON DELETE CASCADE,
  CONSTRAINT IS_BY_FK FOREIGN KEY(ISSUED_BY) REFERENCES EMPLOYEES(EMPLOYEE_ID) ON DELETE CASCADE
);

INSERT INTO POSTPAID_BILL(BILL_ID, SIM_NO, CALL_BILL, SMS_BILL, INTERNET_BILL, TOTAL_COST,ISSUED_BY,IS_PAID) VALUES (1,'01960850638' ,10,59,125, 194,101,'NO');
INSERT INTO POSTPAID_BILL(BILL_ID, SIM_NO, CALL_BILL, SMS_BILL, INTERNET_BILL, TOTAL_COST,ISSUED_BY,IS_PAID) VALUES (2,'01965550938' ,124,35,132,291,102,'NO');
--------------------------------------JUST POSTPAID--------------------------------------    
INSERT INTO POSTPAID_BILL(BILL_ID, SIM_NO, CALL_BILL, SMS_BILL, INTERNET_BILL, TOTAL_COST,ISSUED_BY,IS_PAID) VALUES (3,'01976862069' ,51,44,327,422,103,'NO');
INSERT INTO POSTPAID_BILL(BILL_ID, SIM_NO, CALL_BILL, SMS_BILL, INTERNET_BILL, TOTAL_COST,ISSUED_BY,IS_PAID) VALUES (4,'01990275361' ,143,60,250,453,101,'NO');
INSERT INTO POSTPAID_BILL(BILL_ID, SIM_NO, CALL_BILL, SMS_BILL, INTERNET_BILL, TOTAL_COST,ISSUED_BY,IS_PAID) VALUES (5,'01937883634' ,1421,62,56 ,1539 ,101,'NO');
---------------------------------------MIXED POSTPAID-----------------------------------     
INSERT INTO POSTPAID_BILL(BILL_ID, SIM_NO, CALL_BILL, SMS_BILL, INTERNET_BILL, TOTAL_COST,ISSUED_BY,IS_PAID) VALUES (6,'01937303098' ,100,85,408,593,101,'NO');
INSERT INTO POSTPAID_BILL(BILL_ID, SIM_NO, CALL_BILL, SMS_BILL, INTERNET_BILL, TOTAL_COST,ISSUED_BY,IS_PAID) VALUES (7,'01911071571' ,234,77,46,357,104,'NO');
INSERT INTO POSTPAID_BILL(BILL_ID, SIM_NO, CALL_BILL, SMS_BILL, INTERNET_BILL, TOTAL_COST,ISSUED_BY,IS_PAID) VALUES (8,'01990122106' ,82,1,20,103,101,'NO');
INSERT INTO POSTPAID_BILL(BILL_ID, SIM_NO, CALL_BILL, SMS_BILL, INTERNET_BILL, TOTAL_COST,ISSUED_BY,IS_PAID) VALUES (9,'01950134157' ,132,12,40, 184,102,'NO');
INSERT INTO POSTPAID_BILL(BILL_ID, SIM_NO, CALL_BILL, SMS_BILL, INTERNET_BILL, TOTAL_COST,ISSUED_BY,IS_PAID) VALUES (10,'01967328196',15,42,30,87,101,'NO');
--------------------------employee---------------------------


-----------------------------------Post-paid Bill End-------------------------------------------

-----------------------------------Payslip Start-------------------------------------------
CREATE TABLE PAYSLIP(
	PAYSLIP_ID NUMBER PRIMARY KEY ,
	EMPLOYEE_ID NUMBER , 
	TOTAL_SALARY NUMBER NOT NULL ,
	ISSUE_DATE TIMESTAMP, 
	ISSUED_BY NUMBER , 
	IS_PAID VARCHAR2(100) DEFAULT 'NO' , 
	CONSTRAINT SLIP_EMP_ID_FK FOREIGN KEY(EMPLOYEE_ID) REFERENCES EMPLOYEES(EMPLOYEE_ID) ON DELETE CASCADE, 
	CONSTRAINT ISBY2_FK FOREIGN KEY(ISSUED_BY) REFERENCES EMPLOYEES(EMPLOYEE_ID) ON DELETE CASCADE
	
);

INSERT INTO PAYSLIP(EMPLOYEE_ID, PAYSLIP_ID, TOTAL_SALARY, ISSUE_DATE,ISSUED_BY) VALUES (101 , 1001, 20000, TO_DATE('1997-01-31 09:26:50','yyyy/mm/dd hh24:mi:ss'),101);  
INSERT INTO PAYSLIP(EMPLOYEE_ID, PAYSLIP_ID, TOTAL_SALARY, ISSUE_DATE,ISSUED_BY) VALUES (102 , 1002, 20000, TO_DATE('1997-01-31 09:26:50','yyyy/mm/dd hh24:mi:ss'),101);  
INSERT INTO PAYSLIP(EMPLOYEE_ID, PAYSLIP_ID, TOTAL_SALARY, ISSUE_DATE,ISSUED_BY) VALUES (103 , 1003, 20000, TO_DATE('1997-01-31 09:26:50','yyyy/mm/dd hh24:mi:ss'),101);
INSERT INTO PAYSLIP(EMPLOYEE_ID, PAYSLIP_ID, TOTAL_SALARY, ISSUE_DATE,ISSUED_BY) VALUES (104 , 1004, 20000, TO_DATE('1997-01-31 09:26:50','yyyy/mm/dd hh24:mi:ss'),101);
INSERT INTO PAYSLIP(EMPLOYEE_ID, PAYSLIP_ID, TOTAL_SALARY, ISSUE_DATE,ISSUED_BY) VALUES (105 , 1005, 20000, TO_DATE('1997-01-31 09:26:50','yyyy/mm/dd hh24:mi:ss'),101);

-----------------------------------Payslip End-------------------------------------------


-------------------------------Inter slip Bonus start-----------------------------------
CREATE TABLE INTER_SLIP_BONUS(
	PAYSLIP_ID NUMBER  ,
	BONUS_ID NUMBER  , 
	CONSTRAINT PAYSLIP_ID_FK FOREIGN KEY(PAYSLIP_ID) REFERENCES PAYSLIP(PAYSLIP_ID) ,
	CONSTRAINT BONUS_ID_FK FOREIGN KEY(BONUS_ID) REFERENCES ADDITIONAL_SALARY(ADDSAL_ID) 
);

INSERT INTO INTER_SLIP_BONUS(PAYSLIP_ID, BONUS_ID) VALUES (1001 , 1);  
INSERT INTO INTER_SLIP_BONUS(PAYSLIP_ID, BONUS_ID) VALUES (1002 , 2);  
INSERT INTO INTER_SLIP_BONUS(PAYSLIP_ID, BONUS_ID) VALUES (1003 , 3);
INSERT INTO INTER_SLIP_BONUS(PAYSLIP_ID, BONUS_ID) VALUES (1004 , 4);
INSERT INTO INTER_SLIP_BONUS(PAYSLIP_ID, BONUS_ID) VALUES (1005 , 2);
INSERT INTO INTER_SLIP_BONUS(PAYSLIP_ID, BONUS_ID) VALUES (1001 , 4);
INSERT INTO INTER_SLIP_BONUS(PAYSLIP_ID, BONUS_ID) VALUES (1003 , 2);
INSERT INTO INTER_SLIP_BONUS(PAYSLIP_ID, BONUS_ID) VALUES (1002 , 1);

-------------------------------Inter slip Bonus end-----------------------------------

-------------------------------AVAILABLE_PREPAID_SIM START-----------------------------------

CREATE TABLE AVAILABLE_PREPAID_SIM(
	SIM_NO VARCHAR2(100) PRIMARY KEY
);

--************ PROCEDURE CAN MAKE 1000 RANDOM NUMBER AT A  TIME 019 + '1-5' + XXXXXXX = PREPAID NO.  


-------------------------------AVAILABLE_PREPAID_SIM END-----------------------------------

-------------------------------AVAILABLE_POSTPAID_SIM START-----------------------------------

CREATE TABLE AVAILABLE_POSTPAID_SIM(
	SIM_NO VARCHAR2(100) PRIMARY KEY 
);
--************ PROCEDURE CAN MAKE 1000 RANDOM NUMBER AT A  TIME 019 + '6-9' + XXXXXXX = PREPAID NO.  


-------------------------------AVAILABLE_POSTPAID_SIM END-----------------------------------


----------------------------------PENDING SIM TABLE START------------------------------



CREATE TABLE PENDING_SIM_REQ(
	USER_NAME VARCHAR2(100) NOT NULL,
	NID_NO number CONSTRAINT USER_PK3 PRIMARY KEY,
	DATE_OF_BIRTH VARCHAR2(100) NOT NULL,
	NAME_OF_FATHER VARCHAR2(100) NOT NULL,
	NAME_OF_MOTHER VARCHAR2(100) NOT NULL,
	EMAIL VARCHAR2(100) NOT NULL UNIQUE , 
	STREET_ADDRESS VARCHAR2(100) NOT NULL, 
	CITY VARCHAR2(100) NOT NULL,
	IS_EMPLOYEE VARCHAR2(100) NOT NULL,
	SIM_TYPE_ID NUMBER NOT NULL, 
	ISSUED_BY NUMBER , 
	CONSTRAINT PSTI_FK FOREIGN KEY (SIM_TYPE_ID) REFERENCES SIM_TYPE(TYPE_ID) ON DELETE CASCADE, 
	CONSTRAINT PSRIB_FK FOREIGN KEY (ISSUED_BY) REFERENCES EMPLOYEES(EMPLOYEE_ID) ON DELETE CASCADE
);

INSERT INTO PENDING_SIM_REQ (USER_NAME,NID_NO,DATE_OF_BIRTH,NAME_OF_FATHER,NAME_OF_MOTHER,EMAIL,STREET_ADDRESS,CITY,IS_EMPLOYEE,SIM_TYPE_ID,ISSUED_BY) VALUES ('Dante',1924,'May 18, 1989','Stone','Pamela','erat.Sed@ametorci.org','P.O. Box 317, 4049 Hendrerit Street','Beez','NO',1,101);
INSERT INTO PENDING_SIM_REQ (USER_NAME,NID_NO,DATE_OF_BIRTH,NAME_OF_FATHER,NAME_OF_MOTHER,EMAIL,STREET_ADDRESS,CITY,IS_EMPLOYEE,SIM_TYPE_ID,ISSUED_BY) VALUES ('Tanner',1925,'Jan 2, 1920','Hammett','Hilda','dolor.tempus.non@estNunclaoreet.co.uk','P.O. Box 682, 5083 Interdum St.','Yorkton','NO',1,101);
INSERT INTO PENDING_SIM_REQ (USER_NAME,NID_NO,DATE_OF_BIRTH,NAME_OF_FATHER,NAME_OF_MOTHER,EMAIL,STREET_ADDRESS,CITY,IS_EMPLOYEE,SIM_TYPE_ID,ISSUED_BY) VALUES ('Samuel',1926,'Sep 27, 1971','Leroy','Cherokee','magna@tincidunt.org','471-3004 Et, St.','Gianico','NO',2,102);
INSERT INTO PENDING_SIM_REQ (USER_NAME,NID_NO,DATE_OF_BIRTH,NAME_OF_FATHER,NAME_OF_MOTHER,EMAIL,STREET_ADDRESS,CITY,IS_EMPLOYEE,SIM_TYPE_ID,ISSUED_BY) VALUES ('Chaney',1927,'Sep 28, 1953','Tate','Deirdre','Nulla.dignissim.Maecenas@ornaresagittisfelis.ca','855-2842 Consectetuer Ave','Tiruvottiyur','NO',2,102);
----------------------------------PENDING SIM TABLE END------------------------------

CREATE TABLE PENDING_JOB_REQ(
	EMP_NAME VARCHAR2(100) NOT NULL, 
	FATHER_NAME VARCHAR2(100) NOT NULL, 
	MOTHER_NAME VARCHAR2(100) NOT NULL, 
	BIRTH_DATE VARCHAR2(100) NOT NULL, 
	STREET_ADDRESS VARCHAR2(100) NOT NULL, 
	CITY VARCHAR2(100) NOT NULL, 
	NID_NO NUMBER PRIMARY KEY , 
	EMAIL VARCHAR2(100) NOT NULL, 
	ACC_NO NUMBER UNIQUE , 
	SSC_YEAR NUMBER NOT NULL , 
	SSC_GPA NUMBER NOT NULL , 
	HSC_YEAR NUMBER NOT NULL , 
	HSC_GPA NUMBER NOT NULL , 
	UNIVERSITY VARCHAR2(100) NOT NULL, 
	CGPA NUMBER NOT NULL, 
	EXPERIENCE VARCHAR2(100) NOT NULL, 
	JOB_ID NUMBER NOT NULL , 
	
	ISSUED_BY NUMBER , 
	HIRE_DATE TIMESTAMP , 
	SALARY NUMBER ,  
	
	CONSTRAINT EMP_JID_FK FOREIGN KEY (JOB_ID) REFERENCES JOBS(JOB_ID) ON DELETE CASCADE , 
	CONSTRAINT EMP_ISSUE_FK FOREIGN KEY (ISSUED_BY) REFERENCES EMPLOYEES(EMPLOYEE_ID) ON DELETE CASCADE
);



INSERT INTO PENDING_JOB_REQ (EMP_NAME , FATHER_NAME , MOTHER_NAME , BIRTH_DATE , STREET_ADDRESS , CITY , NID_NO , 
EMAIL , ACC_NO , SSC_YEAR , 
SSC_GPA , HSC_YEAR , HSC_GPA , UNIVERSITY , CGPA , EXPERIENCE , JOB_ID , ISSUED_BY , HIRE_DATE , SALARY) 
VALUES ('Kareem', 'Len', 'Rowan','Sep 11, 1995', 'Ap #846-2978 Dui. Street', 'Melville', 1904, 'kareem@gmail.com' , 
1435, 2010, 5, 2012 , 5, 'BUET', 3.67, '2 YEARS SOFTWARE ENGINEER IN VODAPHONE', 102 , 105, TO_DATE('2017-01-31 09:26:50','yyyy/mm/dd hh24:mi:ss') , 22000) ;


INSERT INTO PENDING_JOB_REQ (EMP_NAME , FATHER_NAME , MOTHER_NAME , BIRTH_DATE , STREET_ADDRESS , CITY , NID_NO , 
EMAIL , ACC_NO , SSC_YEAR , 
SSC_GPA , HSC_YEAR , HSC_GPA , UNIVERSITY , CGPA , EXPERIENCE , JOB_ID , ISSUED_BY , HIRE_DATE , SALARY) 
VALUES ('Robert', 'Mugabe', 'Romni','Sep 18, 1995', 'Ap #86-2978 Duit. Street', 'Chicago', 1905, 'trump@gmail.com' , 
1432, 2010, 5, 2012 , 5, 'BUET', 3.67, '2 YEARS HR OFFICER IN VODAPHONE', 103 , 104, TO_DATE('2017-01-23 09:26:50','yyyy/mm/dd hh24:mi:ss') , 21000) ;

----------------------- recharge card table -------------------------- 
DROP TABLE AVAILABLE_RECHARGE_CARDS; 
CREATE TABLE AVAILABLE_RECHARGE_CARDS(
	CARD_NUMBER NUMBER PRIMARY KEY , 
	COST NUMBER 
);


---------------- EARN FROM RECHARGE--------------- 
DROP TABLE EARNING_FROM_RECHARGE; 
CREATE TABLE EARNING_FROM_RECHARGE 
(
	EARN NUMBER 
);

